nom;url;type;;
Harwell ;https://www.youtube.com/watch?v=Q_9jDxNoKwQ;1;;
Harwell ;https://www.youtube.com/watch?v=ZLrh7hmZtKo;1;;
Skrillex;https://www.youtube.com/watch?v=YJVmu6yttiw;1;;
Skrillex;https://www.youtube.com/watch?v=BGpzGu9Yp6Y;1;;
dimitri vegas & like mike ;https://www.youtube.com/watch?v=3Qq7kNjg-KY;1;;
dimitri vegas & like mike ;https://www.youtube.com/watch?v=exJlapzPnlc;1;;
Martin garrix;https://www.youtube.com/watch?v=gCYcHz2k5x0;1;;
Martin garrix;https://www.youtube.com/watch?v=BU79EyMjIrU;1;;
Dj snake;https://www.youtube.com/watch?v=HMUDVMiITOU;1;;
Dj snake;https://www.youtube.com/watch?v=op4B9sNGi0k;1;;
Armin van Buuren ;https://www.youtube.com/watch?v=mfJhMfOPWdE;1;;
Armin van Buuren ;https://www.youtube.com/watch?v=kivuDS-6HbQ;1;;
Steve aoki ;https://www.youtube.com/watch?v=LWlmVW3xWM4;1;;
Steve aoki ;https://www.youtube.com/watch?v=KEbhUcbdet8;1;;
Afrojack ;https://www.youtube.com/watch?v=dzHdo4yxidc;1;;
Afrojack ;https://www.youtube.com/watch?v=q6h0_9Zv7aM;1;;
Tiesto ;https://www.youtube.com/watch?v=Dr1nN__-2Po;1;;
Tiesto ;https://www.youtube.com/watch?v=Cbvqv19Nf0E;1;;
W&w;https://www.youtube.com/watch?v=9ytt1ELA82U;1;;
W&w;https://www.youtube.com/watch?v=9hJwMQJzPuM;1;;
R3hab;https://www.youtube.com/watch?v=TL1ByAIf8Ck;1;;
R3hab;https://www.youtube.com/watch?v=zSguPHYRi9M;1;;
MARSHMELLO;https://www.youtube.com/watch?v=ALZHF5UqnU4;1;;
MARSHMELLO;https://www.youtube.com/watch?v=jzD_yyEcp0M;1;;
TIMMY TRUMPET;https://www.youtube.com/watch?v=__TvPr_Wtvc;1;;
TIMMY TRUMPET;https://www.youtube.com/watch?v=0FRlJkUSKv8;1;;
CALVIN HARRIS;https://www.youtube.com/watch?v=yZqmarGShxg;1;;
CALVIN HARRIS;https://www.youtube.com/watch?v=b4Bj7Zb-YD4;1;;
ALAN WALKER;https://www.youtube.com/watch?v=60ItHLz5WEA;1;;
ALAN WALKER;https://www.youtube.com/watch?v=wJnBTPUQS5A;1;;
NICKY ROMERO;https://www.youtube.com/watch?v=VphlzQmOJvs;1;;
NICKY ROMERO;https://www.youtube.com/watch?v=bek1y2uiQGA;1;;
QUINTINO;https://www.youtube.com/watch?v=NbpiOWqqIZg;1;;
QUINTINO;https://www.youtube.com/watch?v=-fxMThzEqlg;1;;
DIPLO;https://www.youtube.com/watch?v=fDrTbLXHKu8;1;;
DIPLO;https://www.youtube.com/watch?v=nv76KvFV748;1;;
BLASTERJAXX;https://www.youtube.com/watch?v=21ovGY2tz-w;1;;
BLASTERJAXX;https://www.youtube.com/watch?v=S73zDvMgGmI;1;;
Avicii ;https://www.youtube.com/watch?v=cHHLHGNpCSA;1;;
Avicii ;https://www.youtube.com/watch?v=_ovdm2yX4MA;1;;
Oliver Heldens;https://www.youtube.com/watch?v=JxEiIeoet6Q;1;;
Oliver Heldens;https://www.youtube.com/watch?v=VMnPX3GeyEM;1;;
bassjackers;https://www.youtube.com/watch?v=wYV886CcY_U;1;;
bassjackers;https://www.youtube.com/watch?v=0jISGYEDfNs;1;;
Zedd ;https://www.youtube.com/watch?v=h--P8HzYZ74;1;;
Zedd ;https://www.youtube.com/watch?v=JzpxJcJwDZ0;1;;
rezz;https://www.youtube.com/watch?v=2oIAQSUt9mo;1;;
rezz;https://www.youtube.com/watch?v=VPIyTdL1MrY;1;;
salut c'est cool ;https://www.youtube.com/watch?v=k5j9YmuCduw;1;;
salut c'est cool ;https://www.youtube.com/watch?v=4c0iJZgdtFM;1;;
BLR x Rave ;https://www.youtube.com/watch?v=y5U-I5wk1uo;1;;
BLR x Rave ;https://www.youtube.com/watch?v=oe5dbsEklqU;1;;
daft punk;https://www.youtube.com/watch?v=a5uQMwRMHcs;1;;
daft punk;https://www.youtube.com/watch?v=NF-kLy44Hls;1;;
DVBBS;https://www.youtube.com/watch?v=v8rRO3uOzvY;1;;
DVBBS;https://www.youtube.com/watch?v=0EWbonj7f18;1;;
DVBBS;https://www.youtube.com/watch?v=6dYx00KFA_A;1;;
showtek;https://www.youtube.com/watch?v=QCyIY10KBnk;1;;
showtek;https://www.youtube.com/watch?v=ZwOVOSi-5nc;1;;
KSHMR;https://www.youtube.com/watch?v=KlJAiwwGHMg;1;;
KSHMR;https://www.youtube.com/watch?v=YUMdd27gYbk;1;;
Axwell Λ Ingrosso;https://www.youtube.com/watch?v=GsF05B8TFWg;1;;
Axwell Λ Ingrosso;https://www.youtube.com/watch?v=nbXgHAzUWB0;1;;
Axwell Λ Ingrosso;https://www.youtube.com/watch?v=opxhEVjNvdk;1;;
aaron smith ;https://www.youtube.com/watch?v=6Nb-prB-4P0;1;;
the chainsmokers;https://www.youtube.com/watch?v=FM7MFYoylVs;1;;
the chainsmokers;https://www.youtube.com/watch?v=lzkKzZmRZk8;1;;
swedish house mafia;https://www.youtube.com/watch?v=1y6smkh6c-0;1;;
swedish house mafia;https://www.youtube.com/watch?v=BXpdmKELE1k;1;;
henri pfr;https://www.youtube.com/watch?v=FhlA5CvylHk;1;;
henri pfr;https://www.youtube.com/watch?v=R1AHVxjl1wI;1;;
KEVU;https://www.youtube.com/watch?v=XQAOPOcHpYo;1;;
KEVU;https://www.youtube.com/watch?v=ItFvI1xv9DY;1;;
Tomas Skyldeberg;https://www.youtube.com/watch?v=r7mIB4Ta0Rc;1;;
Tomas Skyldeberg;https://www.youtube.com/watch?v=jI5H8-WQctw;1;;
Martin garrix;https://www.youtube.com/watch?v=ovDcLHa2L1o	;1;;
Eva shaw ;https://www.youtube.com/watch?v=06VLVtmU_KA;1;;
Eva shaw ;https://www.youtube.com/watch?v=kIiWeHON0sE;1;;
Dj Juicy m ;https://www.youtube.com/watch?v=TIJo9sTLuDk;1;;
Dj Juicy m ;https://www.youtube.com/watch?v=ZLu5b4Arl7U;1;;
Alvaro;https://www.youtube.com/watch?v=jcKoyA872uE;1;;
Alvaro;https://www.youtube.com/watch?v=PsaARQ4SfzA;1;;
;;1;;
;;1;;
;;1;;
;;1;;
;;1;;
;;1;;
;;1;;
;;1;;
;;1;;
;;1;;
;;1;;
;;1;;
;;1;;
;;1;;
;;1;;
;;1;;
;;1;;
;;1;;
;;1;;
;;1;;
;;1;;
;;1;;
;;1;;
;;1;;
;;1;;
;;1;;
;;1;;
;;1;;
;;1;;
;;1;;
;;1;;
;;1;;
;;1;;
;;1;;
;;1;;
;;1;;
;;1;;
;;1;;
;;1;;
;;1;;
;;1;;
;;1;;
;;1;;
;;1;;
;;1;;
;;1;;
;;1;;
;;1;;
;;1;;
;;1;;
;;1;;
;;1;;
;;1;;
;;1;;
;;1;;
;;1;;
;;1;;
;;1;;
;;1;;
;;1;;
;;1;;
;;1;;
;;1;;
;;1;;
;;1;;
;;1;;
;;1;;
;;1;;
;;1;;
;;1;;
;;1;;
;;1;;
;;1;;
;;1;;
;;1;;
;;1;;
;;1;;
;;1;;
;;1;;
;;1;;
;;1;;
;;1;;
;;1;;
;;1;;
;;1;;
;;1;;
;;1;;
;;1;;
;;1;;
;;1;;
;;1;;
;;1;;
;;1;;
;;1;;
;;1;;
;;1;;
;;1;;
;;1;;
;;1;;
;;1;;
;;1;;
;;1;;
;;1;;
;;1;;
;;1;;
;;1;;
;;1;;
;;1;;
;;1;;
;;1;;
;;1;;
;;1;;
;;1;;
;;1;;
;;1;;
;;1;;
;;1;;
;;1;;
Æther Realm ;https://www.youtube.com/watch?v=fxFi24Aqac0;2;;
1000 mods;https://www.youtube.com/watch?v=dMbsju-qSeE;2;;
1000 mods;https://www.youtube.com/watch?v=8ysBMZSzpp8;2;;
1914;https://www.youtube.com/watch?v=sElu0bXXzM0;2;;
1914;https://www.youtube.com/watch?v=9xk9O2B6Ag8;2;;
Alestorm;https://www.youtube.com/watch?v=f55CqLc6IR0;2;;
Alestorm;https://www.youtube.com/watch?v=hJ_eVIZkjZE;2;;
alien weaponry;https://www.youtube.com/watch?v=5kwIkF6LFDc;2;;
alien weaponry;https://www.youtube.com/watch?v=vDTdyGItPQ8;2;;
amon amarth;https://www.youtube.com/watch?v=ARnBgW5XgSo;2;;
amon amarth;https://www.youtube.com/watch?v=Ndu33Uv7Aco;2;;
analepsy;https://www.youtube.com/watch?v=_gKrraNlQPc;2;;
analepsy;https://www.youtube.com/watch?v=3roC8ORqYHE;2;;
arch enemy;https://www.youtube.com/watch?v=mjF1rmSV1dM;2;;
arch enemy;https://www.youtube.com/watch?v=n9AcG0glVu4;2;;
avatar;https://www.youtube.com/watch?v=zKe8jze56Vg;2;;
avatar;https://www.youtube.com/watch?v=apZlp-ZKe9g;2;;
avenged sevenfold;https://www.youtube.com/watch?v=94bGzWyHbu0;2;;
avenged sevenfold;https://www.youtube.com/watch?v=fBYVlFXsEME;2;;
babymetal;https://www.youtube.com/watch?v=WIKqgE4BwAY;2;;
babymetal;https://www.youtube.com/watch?v=GvD3CHA48pA;2;;
behemoth;https://www.youtube.com/watch?v=UA_j_72psoo;2;;
behemoth;https://www.youtube.com/watch?v=Dhfy9TPga-c;2;;
beneath the massacre;https://www.youtube.com/watch?v=bptps9V_jiw;2;;
beneath the massacre;https://www.youtube.com/watch?v=l7BTiFYtaho;2;;
benighted;https://www.youtube.com/watch?v=V10YDpGEv4Q;2;;
benighted;https://www.youtube.com/watch?v=oPDH83tFa9o;2;;
betraying the martyrs;https://www.youtube.com/watch?v=Ykuf11YkmHo;2;;
betraying the martyrs;https://www.youtube.com/watch?v=oIz1azLIuY4;2;;
blind ivy;https://www.youtube.com/watch?v=zP5Eq4n-4U0;2;;
blind ivy;https://www.youtube.com/watch?v=b3Qw4RQGHIk;2;;
chamber of malice;https://www.youtube.com/watch?v=e2AFWjP2uxQ;2;;
chamber of malice;https://www.youtube.com/watch?v=ymkRLkgIqzc;2;;
children of bodom;https://www.youtube.com/watch?v=5SgN5lvWZwQ;2;;
children of bodom;https://www.youtube.com/watch?v=aNJXS9X0yY0;2;;
chunk! no captain chunk!;https://www.youtube.com/watch?v=88hfEqJaCtE;2;;
chunk! no captain chunk!;https://www.youtube.com/watch?v=ZHz2Fln_ToI;2;;
circle of execution;https://www.youtube.com/watch?v=uOx4Ceguf-A;2;;
circle of execution;https://www.youtube.com/watch?v=BeMzduMfllw;2;;
clawhammer;https://www.youtube.com/watch?v=AIikSeB-jpU;2;;
clawhammer;https://www.youtube.com/watch?v=b8SdJSmMfSU;2;;
code for silence;https://www.youtube.com/watch?v=ka4jP_wpgoo;2;;
code for silence;https://www.youtube.com/watch?v=9Q_SAXjfQDo;2;;
code orange;https://www.youtube.com/watch?v=13Etw4OJ6c8;2;;
code orange;https://www.youtube.com/watch?v=jbmUZh7EHus;2;;
combichrist;https://www.youtube.com/watch?v=nyzue_ZCXZc;2;;
combichrist;https://www.youtube.com/watch?v=mJuo7vFK5Lk;2;;
dagoba;https://www.youtube.com/watch?v=eEOPyD6ye8Q;2;;
dagoba;https://www.youtube.com/watch?v=He0VINdm1w0;2;;
deadlabel;https://www.youtube.com/watch?v=jKoBy2FNCyI;2;;
deadlabel;https://www.youtube.com/watch?v=08pW5vaTkHE;2;;
death;https://www.youtube.com/watch?v=8256VJ4hkJU;2;;
death;https://www.youtube.com/watch?v=7j8vUbMmOwM;2;;
decline of the I;https://www.youtube.com/watch?v=ceukUnM6V2I;2;;
decline of the I;https://www.youtube.com/watch?v=6qoalhUCXMQ;2;;
devour unborn;https://www.youtube.com/watch?v=zvpyHoZxBUw;2;;
devour unborn;https://www.youtube.com/watch?v=_vA9UYo02kQ;2;;
disturbed;https://www.youtube.com/watch?v=09LTT0xwdfw;2;;
disturbed;https://www.youtube.com/watch?v=YV4oYkIeGJc;2;;
eisbrecher;https://www.youtube.com/watch?v=7LFgR04wvow;2;;
eisbrecher;https://www.youtube.com/watch?v=aMso3mOTMXQ;2;;
eluveitie;https://www.youtube.com/watch?v=-w2m-TeLi6I;2;;
eluveitie;https://www.youtube.com/watch?v=iijKLHCQw5o;2;;
envy;https://www.youtube.com/watch?v=V6lEYE457iw;2;;
envy;https://www.youtube.com/watch?v=p6uY5xG9nng;2;;
eximperitus;https://www.youtube.com/watch?v=AhBj3Iu3LhA;2;;
eximperitus;https://www.youtube.com/watch?v=7yxsilNsiXU;2;;
fatuous rump;https://www.youtube.com/watch?v=uEYAdvsyF7k;2;;
fatuous rump;https://www.youtube.com/watch?v=dcI_4pnjtIg;2;;
ghost;https://www.youtube.com/watch?v=C_ijc7A5oAc;2;;
ghost;https://www.youtube.com/watch?v=VqoyKzgkqR4;2;;
gojira;https://www.youtube.com/watch?v=FNdC_3LR2AI;2;;
gojira;https://www.youtube.com/watch?v=suG-c_i2fBQ;2;;
hexa mera;https://www.youtube.com/watch?v=-ilUS3Vefm4;2;;
hexa mera;https://www.youtube.com/watch?v=GLNI1qN5rK0;2;;
igorrr;https://www.youtube.com/watch?v=YCqG9B8j-cI;2;;
igorrr;https://www.youtube.com/watch?v=3zRU-VU87HI;2;;
incendiary;https://www.youtube.com/watch?v=oapGX_sF-Nw;2;;
incendiary;https://www.youtube.com/watch?v=e03Q1EbmIeE;2;;
infected rain;https://www.youtube.com/watch?v=2wA0skGcp5o;2;;
infected rain;https://www.youtube.com/watch?v=eIW8i58yag4;2;;
jinjer;https://www.youtube.com/watch?v=IJgkkYX-QYw;2;;
jinjer;https://www.youtube.com/watch?v=SQNtGoM3FVU;2;;
kletus;https://www.youtube.com/watch?v=aTDhg6EX9KE;2;;
kletus;https://www.youtube.com/watch?v=lS9GXrA7seA;2;;
knocked loose;https://www.youtube.com/watch?v=v1jsU6Qaf80;2;;
knocked loose;https://www.youtube.com/watch?v=BBZxC9-tJ2Q;2;;
korpiklaani;https://www.youtube.com/watch?v=68L3fU164w4;2;;
korpiklaani;https://www.youtube.com/watch?v=e7kJRGPgvRQ;2;;
korn;https://www.youtube.com/watch?v=jRGrNDV2mKc;2;;
korn;https://www.youtube.com/watch?v=P-zb4C_k7Ek;2;;
kraanium;https://www.youtube.com/watch?v=dA-CDe2QMxs;2;;
kraanium;https://www.youtube.com/watch?v=fr8xP4XE2xc;2;;
lindemann;https://www.youtube.com/watch?v=fs4t8Xj_U_o;2;;
lindemann;https://www.youtube.com/watch?v=hiOjK992bPU;2;;
mass hysteria;https://www.youtube.com/watch?v=jsJVmiqf8VA;2;;
mass hysteria;https://www.youtube.com/watch?v=skUkWoEMj6s;2;;
metallica;https://www.youtube.com/watch?v=CD-E-LDc384;2;;
metallica;https://www.youtube.com/watch?v=u6LahTuw02c;2;;
misfits;https://www.youtube.com/watch?v=lgSLz5FeXUg;2;;
misfits;https://www.youtube.com/watch?v=BGUWla4OVrY;2;;
mushroomhead;https://www.youtube.com/watch?v=1JZGFjufJEY;2;;
mushroomhead;https://www.youtube.com/watch?v=_-zWpdq3_2s;2;;
napalm death;https://www.youtube.com/watch?v=SIRUzqHTNh8;2;;
napalm death;https://www.youtube.com/watch?v=TLKjpobj4vg;2;;
nesseria;https://www.youtube.com/watch?v=w12HgCBA8Qg;2;;
nesseria;https://www.youtube.com/watch?v=L39fnPmSbEY;2;;
nile;https://www.youtube.com/watch?v=99KHIkENKBM;2;;
nile;https://www.youtube.com/watch?v=09dFfqdVDi0;2;;
overcast;https://www.youtube.com/watch?v=TtRb5-MjRkE;2;;
overcast;https://www.youtube.com/watch?v=zTCAGl_oB2w;2;;
pain;https://www.youtube.com/watch?v=067YF8KHdTM;2;;
pain;https://www.youtube.com/watch?v=X1KTNd3ypvQ;2;;
pantera;https://www.youtube.com/watch?v=AkFqg5wAuFk;2;;
pantera;https://www.youtube.com/watch?v=aDACorIaxNw;2;;
paradise lost;https://www.youtube.com/watch?v=55XlIPzY5q0;2;;
paradise lost;https://www.youtube.com/watch?v=9BONcpuDcrc;2;;
periphery;https://www.youtube.com/watch?v=SzznL_8DIUM;2;;
periphery;https://www.youtube.com/watch?v=spCmStMOiHE;2;;
power wolf;https://www.youtube.com/watch?v=jhK2ev_O-pc;2;;
power wolf;https://www.youtube.com/watch?v=GpxFUo7oxWM;2;;
rammstein;https://www.youtube.com/watch?v=Rr8ljRgcJNM;2;;
rammstein;https://www.youtube.com/watch?v=W3q8Od5qJio;2;;
red fang;https://www.youtube.com/watch?v=lwQPJ1G2n5o;2;;
red fang;https://www.youtube.com/watch?v=WQPfQvLIseA;2;;
regarder les hommes tomber;https://www.youtube.com/watch?v=Pv5ljDRh9FQ;2;;
regarder les hommes tomber;https://www.youtube.com/watch?v=Zn8IIt6HkY0;2;;
rob zombie;https://www.youtube.com/watch?v=EqQuihD0hoI;2;;
rob zombie;https://www.youtube.com/watch?v=awvd0AGpvuE;2;;
russkaja;https://www.youtube.com/watch?v=BVWfqOSdzs4;2;;
russkaja;https://www.youtube.com/watch?v=IwqGgrgqpLw;2;;
sabaton;https://www.youtube.com/watch?v=i9BupglHdtM;2;;
sabaton;https://www.youtube.com/watch?v=xP8G-LwWNn0;2;;
sepultura;https://www.youtube.com/watch?v=F_6IjeprfEs;2;;
sepultura;https://www.youtube.com/watch?v=6ODNxy3YOPU;2;;
signs of algorithm;https://www.youtube.com/watch?v=NBimU4PdtU8;2;;
signs of algorithm;https://www.youtube.com/watch?v=DzvjmU2dLKQ;2;;
slaughter to prevail;https://www.youtube.com/watch?v=79ojlwMzs0Q;2;;
slaughter to prevail;https://www.youtube.com/watch?v=ANulQWzo4qo;2;;
slayer;https://www.youtube.com/watch?v=z8ZqFlw6hYg;2;;
slayer;https://www.youtube.com/watch?v=WfKUWvVCwvE;2;;
slipknot;https://www.youtube.com/watch?v=5abamRO41fE;2;;
slipknot;https://www.youtube.com/watch?v=qqK1FrO3BdM;2;;
solstafir;https://www.youtube.com/watch?v=A6j7mUxGz20;2;;
solstafir;https://www.youtube.com/watch?v=R8n8Uy5KmvU;2;;
stone sour;https://www.youtube.com/watch?v=Jwglgn1mo3M;2;;
stone sour;https://www.youtube.com/watch?v=3phsIEmKWbw;2;;
storm seeker;https://www.youtube.com/watch?v=ZCnttPJHt6s;2;;
storm seeker;https://www.youtube.com/watch?v=s2Mq7cpAYaI;2;;
stvore;https://www.youtube.com/watch?v=Fz2nZJKk53g;2;;
stvore;https://www.youtube.com/watch?v=dJ9xAurusoQ;2;;
system of a down;https://www.youtube.com/watch?v=CSvFpBOe8eY;2;;
system of a down;https://www.youtube.com/watch?v=iywaBOMvYLI;2;;
the agonist;https://www.youtube.com/watch?v=EdT7M4f2L9A;2;;
the agonist;https://www.youtube.com/watch?v=_jud_SnKTlY;2;;
the bearded bastards;https://www.youtube.com/watch?v=pQcO6wHKzGU;2;;
the bearded bastards;https://www.youtube.com/watch?v=QIYmLGPaJA8;2;;
the HU;https://www.youtube.com/watch?v=v4xZUr0BEfE;2;;
the HU;https://www.youtube.com/watch?v=QpxA_ZxGX_M;2;;
tool;https://www.youtube.com/watch?v=MM62wjLrgmA;2;;
tool;https://www.youtube.com/watch?v=civuoU_NE38;2;;
ultra vomit;https://www.youtube.com/watch?v=NLPyySN9Czw;2;;
ultra vomit;https://www.youtube.com/watch?v=-w0qTvjydik;2;;
wakan tanka;https://www.youtube.com/watch?v=WYDLZeRsk2A;2;;
wakan tanka;https://www.youtube.com/watch?v=du5_I4fdl_o;2;;
warkings;https://www.youtube.com/watch?v=MicssenNKrQ;2;;
warkings;https://www.youtube.com/watch?v=Gn9g5SIKKRE;2;;
xavlegb;https://www.youtube.com/watch?v=4PnYMkxRrmw;2;;
xavlegb;https://www.youtube.com/watch?v=xnBC_VCwCTs;2;;
Æther Realm ;https://www.youtube.com/watch?v=bw3UygAi2oo;2;;
;;2;;
;;2;;
;;2;;
;;2;;
;;2;;
;;2;;
;;2;;
;;2;;
;;2;;
;;2;;
;;2;;
;;2;;
;;2;;
;;2;;
;;2;;
;;2;;
;;2;;
;;2;;
;;2;;
;;2;;
;;2;;
;;2;;
;;2;;
;;2;;
;;2;;
;;2;;
;;2;;
;;2;;
;;2;;
;;2;;
vald;https://www.youtube.com/watch?v=AjQbtKvi_Jw;3;;
sch;https://www.youtube.com/watch?v=bkLT3wHKXpA;3;;
sch;https://www.youtube.com/watch?v=59bdEkTLvBs;3;;
damso;https://www.youtube.com/watch?v=56STvMBKYdw;3;;
damso;https://www.youtube.com/watch?v=GGhKPm18E48;3;;
booba;https://www.youtube.com/watch?v=enb1KSH8hEE;3;;
booba;https://www.youtube.com/watch?v=9YGfLw9x7ZU;3;;
kaaris;https://www.youtube.com/watch?v=T2-dLYaDa6I;3;;
kaaris;https://www.youtube.com/watch?v=ixdEGjKp2cs;3;;
rimk;https://www.youtube.com/watch?v=K7mN6vyM6YE;3;;
rimk;https://www.youtube.com/watch?v=4AW1TYKv5Ec;3;;
jul;https://www.youtube.com/watch?v=RMNCkopwr08;3;;
jul;https://www.youtube.com/watch?v=qWpBduQKTMY;3;;
hamza;https://www.youtube.com/watch?v=9eJsDDvpwmE;3;;
hamza;https://www.youtube.com/watch?v=mdcBqqWj3kY;3;;
frenetik;https://www.youtube.com/watch?v=J5ThVC7dpf4;3;;
frenetik;https://www.youtube.com/watch?v=b1ywoeUTpWM;3;;
kobo;https://www.youtube.com/watch?v=s3dv1KlwMUg;3;;
kobo;https://www.youtube.com/watch?v=BvbMOp3gKpA;3;;
elgrandetoto;https://www.youtube.com/watch?v=y-9MaAW_9dY;3;;
elgrandetoto;https://www.youtube.com/watch?v=eBNWq-bYxWg;3;;
eminem;https://www.youtube.com/watch?v=XbGs_qK2PQA;3;;
eminem;https://www.youtube.com/watch?v=YVkUvmDQ3HY;3;;
nekfeu;https://www.youtube.com/watch?v=YltjliK0ZeA;3;;
nekfeu;https://www.youtube.com/watch?v=Kx-2GGYkzUk;3;;
alpha wann;https://www.youtube.com/watch?v=QSfJkO1HylE;3;;
alpha wann;https://www.youtube.com/watch?v=oUhWsKMcoKY;3;;
l'as;https://www.youtube.com/watch?v=0RdQINhlwtc;3;;
l'as;https://www.youtube.com/watch?v=v8R4u_2bkLo;3;;
laylow;https://www.youtube.com/watch?v=MwAHtDqT4lM;3;;
laylow;https://www.youtube.com/watch?v=y6XWegR-HYE;3;;
PLK;https://www.youtube.com/watch?v=gRKi6XqZKj0;3;;
PLK;https://www.youtube.com/watch?v=gurxAKsGFHA;3;;
13 block;https://www.youtube.com/watch?v=HY7BD8h9y7U;3;;
13 block;https://www.youtube.com/watch?v=1aqX2R11_EM;3;;
OBOY;https://www.youtube.com/watch?v=m7PWcYws8Ds;3;;
OBOY;https://www.youtube.com/watch?v=lEfkziQSmZI;3;;
kalash;https://www.youtube.com/watch?v=bwPMGa1JIhM;3;;
kalash;https://www.youtube.com/watch?v=j-fSoG__UhA;3;;
kalash criminel;https://www.youtube.com/watch?v=KhHiQ8SFW7g;3;;
kalash criminel;https://www.youtube.com/watch?v=XEHf_NoToJw;3;;
ninho;https://www.youtube.com/watch?v=RXL_MW65ScI;3;;
ninho;https://www.youtube.com/watch?v=HqJ1qP05Si0;3;;
orelsan;https://www.youtube.com/watch?v=B2kvtRprvkk;3;;
orelsan;https://www.youtube.com/watch?v=2bjk26RwjyU;3;;
lacrim;https://www.youtube.com/watch?v=rWy30tJdyAM;3;;
lacrim;https://www.youtube.com/watch?v=tOwuXkPIl-s;3;;
404billy;https://www.youtube.com/watch?v=Wc9KqvbxZ-Q;3;;
404billy;https://www.youtube.com/watch?v=ziEOO-gZXJ8;3;;
gil ill;https://www.youtube.com/watch?v=Tcf4UYspuoA;3;;
gil ill;https://www.youtube.com/watch?v=qqPRwdVf3dE;3;;
niska;https://www.youtube.com/watch?v=tul6zYBp9tA;3;;
niska;https://www.youtube.com/watch?v=L7C7w8y1sMw;3;;
leto;https://www.youtube.com/watch?v=JrO2dfklVEs;3;;
leto;https://www.youtube.com/watch?v=RTgXk-w8b9Y;3;;
maes;https://www.youtube.com/watch?v=r0WEF1D8fBI;3;;
maes;https://www.youtube.com/watch?v=9k_ddK4wVXM;3;;
bosh;https://www.youtube.com/watch?v=v9atHR7VBxA;3;;
bosh;https://www.youtube.com/watch?v=zquFZaHw2TQ;3;;
zola;https://www.youtube.com/watch?v=2x9vk8ss21A;3;;
zola;https://www.youtube.com/watch?v=zJ_tj4hjpuQ;3;;
gradur;https://www.youtube.com/watch?v=5q57OJTUE3M;3;;
gradur;https://www.youtube.com/watch?v=4Cw_sgFePv4;3;;
Larry;https://www.youtube.com/watch?v=ds_PDvo1YVg;3;;
Larry;https://www.youtube.com/watch?v=vhGhZNg38eQ;3;;
koba lad;https://www.youtube.com/watch?v=s81c1qtUluE;3;;
koba lad;https://www.youtube.com/watch?v=mXuRTsxjo3M;3;;
UZI;https://www.youtube.com/watch?v=6DZLs9jNfj4;3;;
UZI;https://www.youtube.com/watch?v=GDHfWQ0COkg;3;;
PNL;https://www.youtube.com/watch?v=umF1kfVujhM;3;;
PNL;https://www.youtube.com/watch?v=BtyHYIpykN0;3;;
moha la squale;https://www.youtube.com/watch?v=NsxdxA_j8nk;3;;
moha la squale;https://www.youtube.com/watch?v=96h97kNEgXM;3;;
Fianso;https://www.youtube.com/watch?v=ost3y_JZpT0;3;;
Fianso;https://www.youtube.com/watch?v=XZ6q-w7XXQE;3;;
Dosseh;https://www.youtube.com/watch?v=yCscKF51Zfc;3;;
Dosseh;https://www.youtube.com/watch?v=3EB0InPEVfc;3;;
Kekra;https://www.youtube.com/watch?v=ZlnHiQpmQMo;3;;
Kekra;https://www.youtube.com/watch?v=y5NFXvhTMik;3;;
Alkpote;https://www.youtube.com/watch?v=DxKpVoSvr7Y;3;;
Alkpote;https://www.youtube.com/watch?v=lnGR5AeQb_w;3;;
Remy;https://www.youtube.com/watch?v=i9p2zFB1okU;3;;
Remy;https://www.youtube.com/watch?v=ZJ1IBBQHj00;3;;
Naps;https://www.youtube.com/watch?v=3r9vJI5OiV8;3;;
Naps;https://www.youtube.com/watch?v=BMqQDlH5JnQ;3;;
Nahir;https://www.youtube.com/watch?v=RlrnrSDGheU;3;;
Nahir;https://www.youtube.com/watch?v=VkOMqVb6mFc;3;;
Django;https://www.youtube.com/watch?v=eff4-siNqC8;3;;
Django;https://www.youtube.com/watch?v=lSZqC-Nezlw;3;;
Lorenzo;https://www.youtube.com/watch?v=OAq4t0n1rkY;3;;
Lorenzo;https://www.youtube.com/watch?v=Zc_c36jJ40I;3;;
Gazo;https://www.youtube.com/watch?v=zNEU9VExoWE;3;;
Gazo;https://www.youtube.com/watch?v=TGMJRnUxwwo;3;;
Josman;https://www.youtube.com/watch?v=dYIS31WRS9s;3;;
Josman;https://www.youtube.com/watch?v=teEqlI9Q_uw;3;;
D.A.V;https://www.youtube.com/watch?v=9VEYUwr-Kb8;3;;
D.A.V;https://www.youtube.com/watch?v=DPyJ3nsALW0;3;;
Alonzo;https://www.youtube.com/watch?v=Q5ps9vXhjpM;3;;
Alonzo;https://www.youtube.com/watch?v=larur6HCSko;3;;
Dinos;https://www.youtube.com/watch?v=qBNRUZjOp84;3;;
Dinos;https://www.youtube.com/watch?v=xJv0Kh0N0js;3;;
DA Uzi;https://www.youtube.com/watch?v=XnTjWqBJpb8;3;;
DA Uzi;https://www.youtube.com/watch?v=iBP4Mdr5o6k;3;;
Djadja & Dinaz;https://www.youtube.com/watch?v=A-mFYnv4oR8;3;;
Djadja & Dinaz;https://www.youtube.com/watch?v=oxfEcRTZsvU;3;;
Timal;https://www.youtube.com/watch?v=n8yN404Z2Tg;3;;
Timal;https://www.youtube.com/watch?v=2pf642FVxc0;3;;
Tsew the kid;https://www.youtube.com/watch?v=1LpOVm08V5s;3;;
Tsew the kid;https://www.youtube.com/watch?v=irFOmvcTJqM;3;;
Lefa;https://www.youtube.com/watch?v=AEqUKZQHu8s;3;;
Lefa;https://www.youtube.com/watch?v=M-suiY8bL5w;3;;
Sadek;https://www.youtube.com/watch?v=W1blqmX79Dk;3;;
Sadek;https://www.youtube.com/watch?v=_P8_TxRE9II;3;;
Ashe 22;https://www.youtube.com/watch?v=lLDhVxgWI7E;3;;
Ashe 22;https://www.youtube.com/watch?v=EYuAnYXl6Xg;3;;
ICO;https://www.youtube.com/watch?v=RPC808iBBjc;3;;
ICO;https://www.youtube.com/watch?v=awBvZQAEd_c;3;;
Youv Dee;https://www.youtube.com/watch?v=ISprb_FORPw;3;;
Youv Dee;https://www.youtube.com/watch?v=cE6fmE_-IkA;3;;
Zed;https://www.youtube.com/watch?v=2b0_aDX98h0;3;;
Zed;https://www.youtube.com/watch?v=Fe2DjCw7DnQ;3;;
XXXTENTACION;https://www.youtube.com/watch?v=wJGcwEv7838;3;;
XXXTENTACION;https://www.youtube.com/watch?v=GX8Hg6kWQYI;3;;
Lil peep;https://www.youtube.com/watch?v=piuovGiAFvo;3;;
Lil peep;https://www.youtube.com/watch?v=WvV5TbJc9tQ;3;;
lil pump;https://www.youtube.com/watch?v=vpJQk02KJ7Y;3;;
lil pump;https://www.youtube.com/watch?v=4LfJnj66HVQ;3;;
Ice Cube ;https://youtu.be/h4UqMyldS7Q;3;;
Ice Cube ;https://www.youtube.com/watch?v=rzRqEWJYwX4;3;;
Dr.Dre;https://youtu.be/_CL6n0FJZpk;3;;
Dr.Dre;https://www.youtube.com/watch?v=eTPjOgOaOl8;3;;
N.W.A;https://www.youtube.com/watch?v=51t1OsPSdBc;3;;
N.W.A;https://www.youtube.com/watch?v=u31FO_4d9TY;3;;
biggie smalls;https://youtu.be/ZYb_8MM1tGQ;3;;
biggie smalls;https://www.youtube.com/watch?v=phaJXp_zMYM;3;;
snoop dog;https://www.youtube.com/watch?v=cccxMrZtYoo;3;;
snoop dog;https://youtu.be/fWCZse1iwE0;3;;
gang star;https://youtu.be/GSszWXkDHa8;3;;
gang star;https://www.youtube.com/watch?v=qmj1q67NDAk;3;;
big pun;https://www.youtube.com/watch?v=AiwvPmRTv6M;3;;
big pun;https://www.youtube.com/watch?v=7Xue-dOOLiY;3;;
krs One;https://www.youtube.com/watch?v=9ZrAYxWPN6c;3;;
krs One;https://www.youtube.com/watch?v=xnI8JEW7Ty4;3;;
Big L;https://www.youtube.com/watch?v=WWMjRMJ0dTI;3;;
Big L;https://www.youtube.com/watch?v=jGMGTrNgvzs;3;;
69;https://www.youtube.com/watch?v=pPw_izFr5PA;3;;
69;https://www.youtube.com/watch?v=jV1v2Cy1w30;3;;
souls of mischief;https://www.youtube.com/watch?v=fXJc2NYwHjw;3;;
souls of mischief;https://www.youtube.com/watch?v=RVcesMcLHSA;3;;
da nappy headz;https://www.youtube.com/watch?v=eQTylSCU_Yg;3;;
da nappy headz;https://www.youtube.com/watch?v=ijP42u23r8U;3;;
;;3;;
;;3;;
;;3;;
;;3;;
;;3;;
;;3;;
;;3;;
;;3;;
;;3;;
;;3;;
;;3;;
;;3;;
;;3;;
;;3;;
;;3;;
;;3;;
;;3;;
;;3;;
;;3;;
;;3;;
;;3;;
;;3;;
;;3;;
;;3;;
;;3;;
;;3;;
;;3;;
;;3;;
;;3;;
;;3;;
;;3;;
;;3;;
;;3;;
;;3;;
;;3;;
;;3;;
;;3;;
;;3;;
;;3;;
;;3;;
;;3;;
;;3;;
;;3;;
;;3;;
;;3;;
;;3;;
;;3;;
;;3;;
vald;https://www.youtube.com/watch?v=kutk2XHEZNU;3;;
beethoven;;4;;
beethoven;;4;;
mozart;;4;;
mozart;;4;;
Bach;;4;;
Bach;;4;;
Johannes Brahms;;4;;
Johannes Brahms;;4;;
Verdi;;4;;
Verdi;;4;;
Tchaïkovski;;4;;
Tchaïkovski;;4;;
Wagner;;4;;
Wagner;;4;;
Vivaldi;;4;;
Vivaldi;;4;;
Dvorák;;4;;
Dvorák;;4;;
;;4;;
;;4;;
;;4;;
;;4;;
;;4;;
;;4;;
;;4;;
;;4;;
;;4;;
;;4;;
;;4;;
;;4;;
;;4;;
;;4;;
;;4;;
;;4;;
;;4;;
;;4;;
;;4;;
;;4;;
;;4;;
;;4;;
;;4;;
;;4;;
;;4;;
;;4;;
;;4;;
;;4;;
;;4;;
;;4;;
;;4;;
;;4;;
;;4;;
;;4;;
;;4;;
;;4;;
;;4;;
;;4;;
;;4;;
;;4;;
;;4;;
;;4;;
;;4;;
;;4;;
;;4;;
;;4;;
;;4;;
;;4;;
;;4;;
;;4;;
;;4;;
;;4;;
;;4;;
;;4;;
;;4;;
;;4;;
;;4;;
;;4;;
;;4;;
;;4;;
;;4;;
;;4;;
;;4;;
;;4;;
;;4;;
;;4;;
;;4;;
;;4;;
;;4;;
;;4;;
;;4;;
;;4;;
;;4;;
;;4;;
;;4;;
;;4;;
;;4;;
;;4;;
;;4;;
;;4;;
;;4;;
;;4;;
;;4;;
;;4;;
;;4;;
;;4;;
;;4;;
;;4;;
;;4;;
;;4;;
;;4;;
;;4;;
;;4;;
;;4;;
;;4;;
;;4;;
;;4;;
;;4;;
;;4;;
;;4;;
;;4;;
;;4;;
;;4;;
;;4;;
;;4;;
;;4;;
;;4;;
;;4;;
;;4;;
;;4;;
;;4;;
;;4;;
;;4;;
;;4;;
;;4;;
;;4;;
;;4;;
;;4;;
;;4;;
;;4;;
;;4;;
;;4;;
;;4;;
;;4;;
;;4;;
;;4;;
;;4;;
;;4;;
;;4;;
;;4;;
;;4;;
;;4;;
;;4;;
;;4;;
;;4;;
;;4;;
;;4;;
;;4;;
;;4;;
;;4;;
;;4;;
;;4;;
;;4;;
;;4;;
;;4;;
;;4;;
;;4;;
;;4;;
;;4;;
;;4;;
;;4;;
;;4;;
;;4;;
;;4;;
;;4;;
;;4;;
;;4;;
;;4;;
;;4;;
;;4;;
;;4;;
;;4;;
;;4;;
;;4;;
;;4;;
;;4;;
;;4;;
;;4;;
;;4;;
;;4;;
;;4;;
;;4;;
;;4;;
;;4;;
;;4;;
;;4;;
;;4;;
;;4;;
;;4;;
;;4;;
;;4;;
;;4;;
;;0;;
;;0;;
;;0;;
;;0;;
;;0;;
;;0;;
;;0;;
;;0;;
;;0;;
;;0;;
;;0;;
;;0;;
;;0;;
;;0;;
;;0;;
;;0;;
;;0;;
;;0;;
;;0;;
;;0;;
;;0;;
;;0;;
;;0;;
;;0;;
;;0;;
;;0;;
;;0;;
;;0;;
;;0;;
;;0;;
;;0;;
;;0;;
;;0;;
;;0;;
;;0;;
;;0;;
;;0;;
;;0;;
;;0;;
;;0;;
;;0;;
;;0;;
;;0;;
;;0;;
;;0;;
;;0;;
;;0;;
;;0;;
;;0;;
;;0;;
;;0;;
;;0;;
;;0;;
;;0;;
;;0;;
;;0;;
;;0;;
;;0;;
;;0;;
;;0;;
;;0;;
;;0;;
;;0;;
;;0;;
;;0;;
;;0;;
;;0;;
;;0;;
;;0;;
;;0;;
;;0;;
;;0;;
;;0;;
;;0;;
;;0;;
;;0;;
;;0;;
;;0;;
;;0;;
;;0;;
;;0;;
;;0;;
;;0;;
;;0;;
;;0;;
;;0;;
;;0;;
;;0;;
;;0;;
;;0;;
;;0;;
;;0;;
;;0;;
;;0;;
;;0;;
;;0;;
;;0;;
;;0;;
;;0;;
;;0;;
;;0;;
;;0;;
;;0;;
;;0;;
;;0;;
;;0;;
;;0;;
;;0;;
;;0;;
;;0;;
;;0;;
;;0;;
;;0;;
;;0;;
;;0;;
;;0;;
;;0;;
;;0;;
;;0;;
;;0;;
;;0;;
;;0;;
;;0;;
;;0;;
;;0;;
;;0;;
;;0;;
;;0;;
;;0;;
;;0;;
;;0;;
;;0;;
;;0;;
;;0;;
;;0;;
;;0;;
;;0;;
;;0;;
;;0;;
;;0;;
;;0;;
;;0;;
;;0;;
;;0;;
;;0;;
;;0;;
;;0;;
;;0;;
;;0;;
;;0;;
;;0;;
;;0;;
;;0;;
;;0;;
;;0;;
;;0;;
;;0;;
;;0;;
;;0;;
;;0;;
;;0;;
;;0;;
;;0;;
;;0;;
;;0;;
;;0;;
;;0;;
;;0;;
;;0;;
;;0;;
;;0;;
;;0;;
;;0;;
;;0;;
;;0;;
;;0;;
;;0;;
;;0;;
;;0;;
;;0;;
;;0;;
;;0;;
;;0;;
;;0;;
;;0;;
;;0;;
;;0;;
;;0;;
;;0;;
;;0;;
;;0;;
;;0;;
;;0;;
;;0;;
;;0;;
;;0;;
;;0;;
;;0;;
;;0;;
;;0;;